letter,count_all,count_uppercase,percentage
n,1,1,16.666666666666668
e,1,0,16.666666666666668
w,1,0,16.666666666666668
s,1,0,16.666666666666668
a,2,2,33.333333333333336
